"year","vo_demand_billion_liters","demand_share_pct","pct_delta_p_low","pct_delta_p_high","beyond_marginal"
2028,0,0,0,0,FALSE
2029,4.1,1.6734693877551,4.29094714809,11.156462585034,FALSE
2030,15,6.12244897959184,15.6985871271586,40.8163265306122,FALSE
2031,39,15.9183673469388,40.8163265306122,106.122448979592,FALSE
2032,63.4,25.8775510204082,66.3526949241235,172.517006802721,TRUE
2033,88.3,36.0408163265306,92.4123495552067,240.272108843537,TRUE
2034,113.7,46.4081632653061,118.995290423862,309.387755102041,TRUE
2035,139.3,56.8571428571429,145.787545787546,379.047619047619,TRUE
